sequence_id	cluster_id	start	end	average_p	max_p	type	alkaloid_probability	nrp_probability	polyketide_probability	ripp_probability	saccharide_probability	terpene_probability	proteins	domains
NC_000913.3	NC_000913.3_cluster_1	609459	629713	0.982781291259409	0.9999836487823842	NRP	0.0	0.9	0.06999999999999995	0.010000000000000009	0.06000000000000005	0.010000000000000009	NC_000913.3_570;NC_000913.3_571;NC_000913.3_572;NC_000913.3_573;NC_000913.3_574;NC_000913.3_575;NC_000913.3_576;NC_000913.3_577;NC_000913.3_578;NC_000913.3_579;NC_000913.3_580;NC_000913.3_581;NC_000913.3_582;NC_000913.3_583;NC_000913.3_584;NC_000913.3_585	PF00005;PF00106;PF00425;PF00501;PF00501;PF00550;PF00550;PF00593;PF00668;PF00756;PF00857;PF00975;PF01648;PF02463;PF02706;PF03061;PF03621;PF05977;PF07690;PF07690;PF07715;PF08659;PF11806;PF13191;PF13193;PF13304;PF13476;PF13555;PF13561;PF17837
NC_000913.3	NC_000913.3_cluster_3	3789047	3810304	0.908221608152749	0.9685397434077059	Saccharide	0.010606060606060619	0.07272727272727275	0.2024242424242425	0.011818181818181839	0.6699999999999999	0.01090909090909098	NC_000913.3_3551;NC_000913.3_3552;NC_000913.3_3553;NC_000913.3_3554;NC_000913.3_3555;NC_000913.3_3556;NC_000913.3_3557;NC_000913.3_3558;NC_000913.3_3559;NC_000913.3_3560;NC_000913.3_3561;NC_000913.3_3562;NC_000913.3_3563;NC_000913.3_3564;NC_000913.3_3565;NC_000913.3_3566;NC_000913.3_3567;NC_000913.3_3568;NC_000913.3_3569;NC_000913.3_3570	PF00107;PF00155;PF00535;PF01073;PF01370;PF01467;PF04321;PF06176;PF08240;PF08437;PF08437;PF10111;PF13641;PF16363;PF16912
